{
  "per_market": {
    "0x257b18205f908aef01ef2d1d50e6fea7d29cf5486fe04031d8b101394476faed": {
      "trade_count": 200,
      "unique_traders": 88,
      "total_volume": 350386.38768,
      "avg_trade_size": 1751.9319384,
      "median_trade_size": 75.83409,
      "whale_count": 10
    },
    "0x25aa90b3cd98305e849189b4e8b770fc77fe89bccb7cf9656468414e01145d38": {
      "trade_count": 400,
      "unique_traders": 148,
      "total_volume": 276489.74528,
      "avg_trade_size": 691.2243632,
      "median_trade_size": 4.02094,
      "whale_count": 6
    },
    "0x445bb75546efcbb18b15425b96d8f32c343998d8fae92f8964d8000534cd9947": {
      "trade_count": 900,
      "unique_traders": 419,
      "total_volume": 907781.549917,
      "avg_trade_size": 1008.6461665744445,
      "median_trade_size": 12.80718,
      "whale_count": 26
    },
    "0x476bf90da1edcc81b51d9e2437129b75caa3d184889fb851c79eaefddbb8faef": {
      "trade_count": 2000,
      "unique_traders": 528,
      "total_volume": 192344.588998,
      "avg_trade_size": 96.172294499,
      "median_trade_size": 9.682258,
      "whale_count": 1
    },
    "0x75f980e82c6233c7335782d96795af32adf66f06755d9facf39cb1fe4573234d": {
      "trade_count": 2000,
      "unique_traders": 993,
      "total_volume": 640991.89528,
      "avg_trade_size": 320.49594764000005,
      "median_trade_size": 29.97,
      "whale_count": 16
    },
    "0x7cb525e831729325d651017f81cbcb6f1adde5011c7b2283babea00b4ae93ae7": {
      "trade_count": 2000,
      "unique_traders": 548,
      "total_volume": 741257.67864,
      "avg_trade_size": 370.62883932000005,
      "median_trade_size": 14.535,
      "whale_count": 8
    },
    "0xa5bb84a7462befd81df5497dba54cf6e2050d8da5449a0387db1cc67212d65d0": {
      "trade_count": 2000,
      "unique_traders": 416,
      "total_volume": 278912.926533,
      "avg_trade_size": 139.4564632665,
      "median_trade_size": 4.999995,
      "whale_count": 1
    },
    "0xd6c49a94948e365aa74c09eef54d907b7ca534b243c387c375305d5cdd1afef3": {
      "trade_count": 100,
      "unique_traders": 42,
      "total_volume": 532861.96838,
      "avg_trade_size": 5328.6196838,
      "median_trade_size": 124.71516,
      "whale_count": 12
    }
  },
  "bet_distribution": [
    {
      "bucket": "$0-10",
      "count": 4596,
      "volume": 15022.324473
    },
    {
      "bucket": "$10-100",
      "count": 3055,
      "volume": 117309.678375
    },
    {
      "bucket": "$100-1K",
      "count": 1495,
      "volume": 477169.168983
    },
    {
      "bucket": "$1K-10K",
      "count": 374,
      "volume": 1189139.288348
    },
    {
      "bucket": "$10K-100K",
      "count": 79,
      "volume": 2018122.486069
    },
    {
      "bucket": "$100K+",
      "count": 1,
      "volume": 104263.79446
    }
  ],
  "top_traders": [
    {
      "address": "0xc5d563a36ae78145c45a50134d48a1215220f80a",
      "total_volume": 1206430.5822659978,
      "trade_count": 2536,
      "market_count": 6,
      "avg_trade_size": 475.72183843296443
    },
    {
      "address": "0x9a42a7d7f6b81c3de8d837047016752303b94930",
      "total_volume": 388396.18461999996,
      "trade_count": 20,
      "market_count": 1,
      "avg_trade_size": 19419.809231
    },
    {
      "address": "0x4bfb41d5b3570defd03c39a9a4d8de6bd8b8982e",
      "total_volume": 378889.1711760016,
      "trade_count": 1596,
      "market_count": 2,
      "avg_trade_size": 237.39923006015138
    },
    {
      "address": "0x24c8cf69a0e0a17eee21f69d29752bfa32e823e1",
      "total_volume": 264040.605826,
      "trade_count": 63,
      "market_count": 3,
      "avg_trade_size": 4191.120727396825
    },
    {
      "address": "0xadc2efbf97ce7b25f7a638aabdba196c657cd1c9",
      "total_volume": 232423.50384,
      "trade_count": 100,
      "market_count": 1,
      "avg_trade_size": 2324.2350384
    },
    {
      "address": "0x769056fb242c80b64ac3b74a8161a70468fd74e1",
      "total_volume": 192886.78014,
      "trade_count": 4,
      "market_count": 1,
      "avg_trade_size": 48221.695035
    },
    {
      "address": "0x43372356634781eea88d61bbdd7824cdce958882",
      "total_volume": 161116.10262000014,
      "trade_count": 293,
      "market_count": 2,
      "avg_trade_size": 549.8843092832769
    },
    {
      "address": "0xc96aeabae8c81faf8d803201da1d2461cefc396a",
      "total_volume": 149849.9999999999,
      "trade_count": 419,
      "market_count": 1,
      "avg_trade_size": 357.63723150357976
    },
    {
      "address": "0x0af037c59ede5b3b2a6625f23923057d8296d425",
      "total_volume": 136683.42242599998,
      "trade_count": 52,
      "market_count": 1,
      "avg_trade_size": 2628.5273543461535
    },
    {
      "address": "0x2a2c53bd278c04da9962fcf96490e17f3dfb9bc1",
      "total_volume": 114446.24796199995,
      "trade_count": 157,
      "market_count": 1,
      "avg_trade_size": 728.9569933885347
    },
    {
      "address": "0xe1194d05876b71b05572c1b59bd49a157f21e30f",
      "total_volume": 102359.23197600001,
      "trade_count": 47,
      "market_count": 1,
      "avg_trade_size": 2177.8559994893617
    },
    {
      "address": "0x2b3ff45c91540e46fae1e0c72f61f4b049453446",
      "total_volume": 99899.9001,
      "trade_count": 3,
      "market_count": 1,
      "avg_trade_size": 33299.9667
    },
    {
      "address": "0xc73bf165deb30c7505f8f2b221650bd9d8b7fcd6",
      "total_volume": 89975.19473999995,
      "trade_count": 158,
      "market_count": 2,
      "avg_trade_size": 569.463257848101
    },
    {
      "address": "0x41545a35c88135592d63e3aca9345a5c64627625",
      "total_volume": 88435.35499899999,
      "trade_count": 11,
      "market_count": 1,
      "avg_trade_size": 8039.577727181817
    },
    {
      "address": "0x79f5efe6be57cb202cf0c3b50336206b1c1dfdc3",
      "total_volume": 86999.11914,
      "trade_count": 6,
      "market_count": 1,
      "avg_trade_size": 14499.85319
    },
    {
      "address": "0x05f6027ceb5b8db472bb716d3ed574c199118cec",
      "total_volume": 86046.74712,
      "trade_count": 4,
      "market_count": 1,
      "avg_trade_size": 21511.68678
    },
    {
      "address": "0x9977760c6bd6f824cac834d1a36ee99478d63020",
      "total_volume": 83052.182137,
      "trade_count": 18,
      "market_count": 1,
      "avg_trade_size": 4614.010118722222
    },
    {
      "address": "0x97f937e0ec5068121db4a4b900140544b09f4e4f",
      "total_volume": 76341.23234999999,
      "trade_count": 11,
      "market_count": 1,
      "avg_trade_size": 6940.112031818181
    },
    {
      "address": "0xc30c0116e9a5c17f1c03240a0b02a819fe646509",
      "total_volume": 73795.70043,
      "trade_count": 66,
      "market_count": 3,
      "avg_trade_size": 1118.1166731818182
    },
    {
      "address": "0x1e404ab21b47a1ba3ef632df3118411253c23080",
      "total_volume": 70001.165875,
      "trade_count": 35,
      "market_count": 1,
      "avg_trade_size": 2000.0333107142858
    }
  ],
  "concentration": [
    {
      "pct_traders": 0.0,
      "pct_volume": 15.4,
      "traders": 1
    },
    {
      "pct_traders": 0.1,
      "pct_volume": 20.3,
      "traders": 2
    },
    {
      "pct_traders": 0.1,
      "pct_volume": 25.2,
      "traders": 3
    },
    {
      "pct_traders": 1.0,
      "pct_volume": 58.3,
      "traders": 28
    },
    {
      "pct_traders": 1.0,
      "pct_volume": 58.9,
      "traders": 29
    },
    {
      "pct_traders": 5.0,
      "pct_volume": 86.5,
      "traders": 141
    },
    {
      "pct_traders": 5.0,
      "pct_volume": 86.6,
      "traders": 142
    },
    {
      "pct_traders": 5.0,
      "pct_volume": 86.7,
      "traders": 143
    },
    {
      "pct_traders": 10.0,
      "pct_volume": 93.5,
      "traders": 284
    },
    {
      "pct_traders": 10.0,
      "pct_volume": 93.5,
      "traders": 285
    },
    {
      "pct_traders": 10.0,
      "pct_volume": 93.6,
      "traders": 286
    },
    {
      "pct_traders": 25.0,
      "pct_volume": 98.0,