{
  "total_volume": 677563425.8089285,
  "total_open_interest": 838501968.4204384,
  "active_markets": 50,
  "unique_traders": 2847,
  "avg_bet_size": 408.44028549041667,
  "top_category": "Bitcoin",
  "top_category_volume": 71854820.67725453
}